prospect_id,name,title,org,city,niche,email_status,fit,pain,reach,timing,score,tier,trigger_line,trigger_source,source_url_or_field
687bafbbfa9f330001bd1f7e,Debbie Ci***a,Township Administrator,Township Of Delanco,"NJ (city not in free results)",A,not verified (no credit spend authorized),28,10,0,8,46,C,none found,none found,"Apollo people search person id 687bafbbfa9f330001bd1f7e; org id 54a11b3d69702d9d7ec82400; has_email=true (unrevealed)"
662cf7f11ce48300084ab5b8,Robert Sm***h,Director of Public Works,Borough Of Sea Bright,"NJ (city not in free results)",A,not verified (no credit spend authorized),25,10,0,8,43,C,none found,none found,"Apollo people search person id 662cf7f11ce48300084ab5b8; org id 55920d1d736964186a9c3d00; has_email=true (unrevealed)"
614e9a951df98b00016be9d1,Brandon Um***a,Township Administrator,Township Of Southampton,"NJ (city not in free results)",A,not verified (no credit spend authorized),28,10,0,8,46,C,none found,none found,"Apollo people search person id 614e9a951df98b00016be9d1; has_email=true (unrevealed)"
66251b4ef454ad0007d5f491,Dennis Sp***i,Director of Public Works,Township of Bordentown,"NJ (city not in free results)",A,not verified (no credit spend authorized),25,10,0,8,43,C,none found,none found,"Apollo people search person id 66251b4ef454ad0007d5f491; has_email=true (unrevealed)"
6727f6e43494410001a7b098,Matthew Ca***o,Township Administrator,Township of Wyckoff,"NJ (city not in free results)",A,not verified (no credit spend authorized),28,10,0,8,46,C,none found,none found,"Apollo people search person id 6727f6e43494410001a7b098; has_email=true (unrevealed)"
66f87c6ea817d600018692db,Mike Mc***y,Owner,Real McCoy Plumbing,"NJ (city not in free results)",B,not verified (no credit spend authorized),22,10,0,5,37,C,none found,none found,"Apollo people search person id 66f87c6ea817d600018692db; has_email=true (unrevealed); size not shown"
57e11fe8a6da987d60b7b9af,Richard D'***o,Owner,D'Aquanno's Plumbing,"NJ (city not in free results)",B,not verified (no credit spend authorized),22,10,0,5,37,C,none found,none found,"Apollo people search person id 57e11fe8a6da987d60b7b9af; has_email=true (unrevealed); size not shown"
5e86e39bc8e20f000182cef4,Richard Ze***k,Owner,Zeek Plumbing & Mechanical,"NJ (city not in free results)",B,not verified (no credit spend authorized),22,10,0,5,37,C,none found,none found,"Apollo people search person id 5e86e39bc8e20f000182cef4; has_email=true (unrevealed); size not shown"
5ad85819a6da98e3c164ea01,Heather Wo***e,Owner,North Jersey Property Management,"NJ (city not in free results)",B,not verified (no credit spend authorized),22,10,0,5,37,C,none found,none found,"Apollo people search person id 5ad85819a6da98e3c164ea01; has_email=true (unrevealed); size not shown"
557099ac736964541eb63e00,Charlie Be***y,Operations Manager,JS Pro Property Management,"NJ (city not in free results)",B,not verified (no credit spend authorized),20,10,0,5,35,C,none found,none found,"Apollo people search person id 557099ac736964541eb63e00; has_email=true (unrevealed); size not shown"
