date,agent,item,approved,edits,error_severity
2026-10-03,aaron,DRYRUN scored-prospects.csv (5 sample),pending,,
2026-10-03,aaron,DRYRUN scrub-and-send-list.md,pending,,
2026-10-03,cody,DRYRUN SAMPLE-1 sequence,pending,,
2026-10-03,cody,DRYRUN SAMPLE-2 sequence,pending,,
2026-10-03,cody,DRYRUN SAMPLE-3 sequence,pending,,
2026-10-03,cody,DRYRUN SAMPLE-4 sequence,pending,,
2026-10-03,cody,DRYRUN SAMPLE-5 sequence,pending,,
2026-10-03,patty,DRYRUN send-plan-and-replies.md,pending,,
2026-10-04,patty,capacity-check.md (capacity_tomorrow=0),pending,,
2026-10-04,aaron,scored-prospects.csv (10 real-data trial; 5A/5B),pending,,
2026-10-04,aaron,scrub-log.md,pending,,
2026-10-04,aaron,send-list.md (no list; capacity 0),pending,,
2026-10-04,aaron,weekly-memo.md (baseline),pending,,
2026-10-06,patty,capacity-check.md (capacity_tomorrow=0; .io 1-4 connected, warming),pending,,
2026-10-06,aaron,scored-prospects.csv (26 trial; 12A/14B; all Tier C),pending,,
2026-10-06,aaron,scrub-log.md,pending,,
2026-10-06,aaron,send-list.md (Wed 10-07; slots=0; 0 filled; 26 pool all Tier C),pending,,
2026-10-06,aaron,scored-prospects-v2.csv (header only; Vibe trial held pending Joaquin direct OK),pending,,
2026-10-06,aaron,scrub-log.md addendum (Vibe trial estimate 60 credits),pending,,
